n,J,count,p-value,p_average,success
2000128,82,"[83, 88, 93, 69, 55, 54, 61, 79, 116, 138, 164, 174, 168, 154, 121, 82, 66, 76, 91]","[0.12042654162299274, 0.0636106467276566, 0.06252747008114144, 0.09004245673290798, 0.31004412387652447, 1.0, 0.5763362843441322, 0.7867749320074033, 0.48219166095493826, 0.639411852803375, 0.6199520549547768, 0.6498434433938147, 0.42552084137017976, 0.4661173499375023, 0.6210055746923315, 0.9481961248864385, 0.49302457309512837, 0.28888280402716415]",0.4549425650267582,True NOT RELIABLE: J < 500
,,,,0.4549425650267582,1.0
